LastTradeTime,_id,Open,High,Low,Close,Volume,OpenInterest,Symbol,date,RSI
1679337000,67a33ea0f2ac523fa7721fe7,1713.95,1739.85,1698.25,1724.6,306383,0,ACC,2023-03-20 13:00:00,49.22
1679423400,67a33ea0f2ac523fa7721fe8,1730.0,1746.0,1724.65,1738.35,258724,0,ACC,2023-03-21 13:00:00,50.82
1679509800,67a33ea0f2ac523fa7721fe9,1738.0,1752.2,1725.0,1738.3,448459,0,ACC,2023-03-22 13:00:00,50.81
1679596200,67a33ea0f2ac523fa7721fea,1736.0,1745.95,1694.55,1700.85,530916,0,ACC,2023-03-23 13:00:00,46.21
1679855400,67a33ea0f2ac523fa7721feb,1701.0,1709.35,1680.5,1684.95,340663,0,ACC,2023-03-26 13:00:00,44.38
1679941800,67a33ea0f2ac523fa7721fec,1693.0,1696.0,1592.55,1613.95,1032882,0,ACC,2023-03-27 13:00:00,37.26
1680028200,67a33ea0f2ac523fa7721fed,1592.35,1649.0,1592.35,1625.9,1012619,0,ACC,2023-03-28 13:00:00,39.03
1680201000,67a33ea0f2ac523fa7721fee,1640.0,1672.0,1630.0,1667.2,638264,0,ACC,2023-03-30 13:00:00,44.83
1680460200,67a33ea0f2ac523fa7721fef,1675.0,1714.0,1651.6,1709.0,547370,0,ACC,2023-04-02 13:00:00,50.02
1680633000,67a33ea0f2ac523fa7721ff0,1707.0,1716.45,1670.65,1687.95,696020,0,ACC,2023-04-04 13:00:00,47.59
1680719400,67a33ea0f2ac523fa7721ff1,1694.95,1717.45,1681.1,1712.0,425340,0,ACC,2023-04-05 13:00:00,50.54
1681065000,67a33ea0f2ac523fa7721ff2,1718.0,1751.55,1705.25,1740.95,407043,0,ACC,2023-04-09 13:00:00,53.91
1681151400,67a33ea0f2ac523fa7721ff3,1745.0,1757.9,1732.8,1737.4,260590,0,ACC,2023-04-10 13:00:00,53.43
1681237800,67a33ea0f2ac523fa7721ff4,1745.85,1768.5,1736.6,1758.0,444622,0,ACC,2023-04-11 13:00:00,55.88
1681324200,67a33ea0f2ac523fa7721ff5,1758.8,1771.6,1748.1,1767.55,647769,0,ACC,2023-04-12 13:00:00,57.02
1681669800,67a33ea0f2ac523fa7721ff6,1767.55,1788.15,1753.85,1784.35,768051,0,ACC,2023-04-16 13:00:00,59.01
1681756200,67a33ea0f2ac523fa7721ff7,1789.0,1789.0,1745.0,1760.1,592829,0,ACC,2023-04-17 13:00:00,55.04
1681842600,67a33ea0f2ac523fa7721ff8,1765.0,1775.85,1742.85,1749.3,372749,0,ACC,2023-04-18 13:00:00,53.32
1681929000,67a33ea0f2ac523fa7721ff9,1750.0,1758.9,1735.0,1738.1,256370,0,ACC,2023-04-19 13:00:00,51.53
1682015400,67a33ea0f2ac523fa7721ffa,1741.95,1744.8,1712.75,1717.95,346777,0,ACC,2023-04-20 13:00:00,48.37
1682274600,67a33ea0f2ac523fa7721ffb,1719.9,1740.0,1710.3,1734.65,258999,0,ACC,2023-04-23 13:00:00,51.05
1682361000,67a33ea0f2ac523fa7721ffc,1735.0,1751.0,1726.75,1736.15,258998,0,ACC,2023-04-24 13:00:00,51.29
1682447400,67a33ea0f2ac523fa7721ffd,1739.0,1748.95,1730.05,1738.7,260778,0,ACC,2023-04-25 13:00:00,51.73
1682533800,67a33ea0f2ac523fa7721ffe,1744.9,1758.0,1732.1,1750.85,273621,0,ACC,2023-04-26 13:00:00,53.88
1682620200,67a33ea0f2ac523fa7721fff,1724.85,1773.9,1700.0,1762.85,866675,0,ACC,2023-04-27 13:00:00,55.96
1682965800,67a33ea0f2ac523fa7722000,1764.8,1777.0,1750.55,1764.15,503277,0,ACC,2023-05-01 13:00:00,56.19
1683052200,67a33ea0f2ac523fa7722001,1763.05,1774.0,1718.75,1743.6,478140,0,ACC,2023-05-02 13:00:00,51.59
1683138600,67a33ea0f2ac523fa7722002,1742.0,1772.0,1742.0,1766.3,283120,0,ACC,2023-05-03 13:00:00,55.88
1683225000,67a33ea0f2ac523fa7722003,1771.0,1785.0,1750.0,1764.65,566808,0,ACC,2023-05-04 13:00:00,55.5
1683484200,67a33ea0f2ac523fa7722004,1774.8,1778.9,1755.0,1766.65,582663,0,ACC,2023-05-07 13:00:00,55.89
1683570600,67a33ea0f2ac523fa7722005,1774.5,1783.95,1752.0,1759.3,431605,0,ACC,2023-05-08 13:00:00,53.99
1683657000,67a33ea0f2ac523fa7722006,1765.0,1765.55,1746.55,1751.15,332924,0,ACC,2023-05-09 13:00:00,51.88
1683743400,67a33ea0f2ac523fa7722007,1753.45,1809.0,1752.0,1786.15,1119753,0,ACC,2023-05-10 13:00:00,59.25
1683829800,67a33ea0f2ac523fa7722008,1795.75,1835.0,1780.0,1798.0,1171091,0,ACC,2023-05-11 13:00:00,61.41
1684089000,67a33ea0f2ac523fa7722009,1804.95,1812.85,1763.3,1799.9,366238,0,ACC,2023-05-14 13:00:00,61.75
1684175400,67a33ea0f2ac523fa772200a,1804.0,1812.5,1780.15,1783.5,219099,0,ACC,2023-05-15 13:00:00,56.96
1684261800,67a33ea0f2ac523fa772200b,1786.0,1804.0,1743.3,1758.15,470809,0,ACC,2023-05-16 13:00:00,50.44
1684348200,67a33ea0f2ac523fa772200c,1763.0,1778.95,1704.45,1712.45,647641,0,ACC,2023-05-17 13:00:00,41.28
1684434600,67a33ea0f2ac523fa772200d,1719.95,1741.35,1705.0,1729.05,492673,0,ACC,2023-05-18 13:00:00,45.17
1684693800,67a33ea0f2ac523fa772200e,1733.95,1843.3,1730.95,1813.4,2231663,0,ACC,2023-05-21 13:00:00,59.78
1684780200,67a33ea0f2ac523fa772200f,1828.85,1867.0,1810.0,1819.45,1667980,0,ACC,2023-05-22 13:00:00,60.59
1684866600,67a33ea0f2ac523fa7722010,1815.0,1829.0,1776.05,1780.4,736922,0,ACC,2023-05-23 13:00:00,53.14
1684953000,67a33ea0f2ac523fa7722011,1780.4,1789.0,1755.1,1778.15,542453,0,ACC,2023-05-24 13:00:00,52.74
1685039400,67a33ea0f2ac523fa7722012,1790.0,1810.0,1773.55,1785.0,373495,0,ACC,2023-05-25 13:00:00,53.89
1685298600,67a33ea0f2ac523fa7722013,1795.0,1808.0,1779.25,1794.4,389902,0,ACC,2023-05-28 13:00:00,55.48
1685385000,67a33ea0f2ac523fa7722014,1794.4,1815.5,1785.5,1798.4,345104,0,ACC,2023-05-29 13:00:00,56.17
1685471400,67a33ea0f2ac523fa7722015,1798.4,1809.0,1761.9,1777.2,1373412,0,ACC,2023-05-30 13:00:00,51.58
1685557800,67a33ea0f2ac523fa7722016,1782.0,1823.7,1780.7,1800.3,542023,0,ACC,2023-05-31 13:00:00,55.82
1685644200,67a33ea0f2ac523fa7722017,1809.95,1819.0,1790.25,1815.6,819953,0,ACC,2023-06-01 13:00:00,58.42
1685903400,67a33ea0f2ac523fa7722018,1821.0,1826.5,1806.5,1810.45,539080,0,ACC,2023-06-04 13:00:00,57.2
1685989800,67a33ea0f2ac523fa7722019,1815.0,1864.0,1815.0,1856.3,1431557,0,ACC,2023-06-05 13:00:00,64.33
1686076200,67a33ea0f2ac523fa772201a,1862.0,1870.0,1839.0,1851.75,494896,0,ACC,2023-06-06 13:00:00,63.2
1686162600,67a33ea0f2ac523fa772201b,1864.0,1867.4,1820.05,1833.55,663101,0,ACC,2023-06-07 13:00:00,58.77
1686249000,67a33ea0f2ac523fa772201c,1841.0,1846.0,1825.0,1837.3,395254,0,ACC,2023-06-08 13:00:00,59.41
1686508200,67a33ea0f2ac523fa772201d,1841.25,1847.95,1826.2,1838.55,213874,0,ACC,2023-06-11 13:00:00,59.63
1686594600,67a33ea0f2ac523fa772201e,1845.0,1859.5,1835.8,1846.95,375850,0,ACC,2023-06-12 13:00:00,61.16
1686681000,67a33ea0f2ac523fa772201f,1850.5,1859.9,1842.5,1854.85,250003,0,ACC,2023-06-13 13:00:00,62.6
1686767400,67a33ea0f2ac523fa7722020,1859.0,1869.5,1845.1,1850.0,556878,0,ACC,2023-06-14 13:00:00,61.11
1686853800,67a33ea0f2ac523fa7722021,1850.0,1867.4,1848.15,1855.45,317296,0,ACC,2023-06-15 13:00:00,62.2
1687113000,67a33ea0f2ac523fa7722022,1865.0,1865.35,1811.05,1825.4,411272,0,ACC,2023-06-18 13:00:00,53.29
1687199400,67a33ea0f2ac523fa7722023,1828.8,1841.0,1810.5,1838.2,362678,0,ACC,2023-06-19 13:00:00,56.17
1687285800,67a33ea0f2ac523fa7722024,1845.0,1852.0,1830.75,1845.85,421375,0,ACC,2023-06-20 13:00:00,57.84
1687372200,67a33ea0f2ac523fa7722025,1845.85,1850.45,1830.0,1831.75,444033,0,ACC,2023-06-21 13:00:00,53.77
1687458600,67a33ea0f2ac523fa7722026,1830.0,1830.55,1760.7,1766.9,1080901,0,ACC,2023-06-22 13:00:00,39.86
1687717800,67a33ea0f2ac523fa7722027,1772.0,1796.8,1754.0,1792.3,361121,0,ACC,2023-06-25 13:00:00,45.78
1687804200,67a33ea0f2ac523fa7722028,1799.7,1802.0,1775.5,1788.6,698909,0,ACC,2023-06-26 13:00:00,45.08
1687890600,67a33ea0f2ac523fa7722029,1788.0,1826.9,1788.0,1812.35,552136,0,ACC,2023-06-27 13:00:00,50.3
1688063400,67a33ea0f2ac523fa772202a,1819.95,1827.75,1800.6,1813.7,614896,0,ACC,2023-06-29 13:00:00,50.59
1688322600,67a33ea0f2ac523fa772202b,1823.95,1835.0,1812.8,1825.1,444978,0,ACC,2023-07-02 13:00:00,53.06
1688409000,67a33ea0f2ac523fa772202c,1828.65,1831.95,1814.6,1820.45,307740,0,ACC,2023-07-03 13:00:00,51.92
1688495400,67a33ea0f2ac523fa772202d,1834.8,1834.8,1810.05,1820.8,268278,0,ACC,2023-07-04 13:00:00,52.0
1688581800,67a33ea0f2ac523fa772202e,1821.0,1827.6,1810.0,1820.35,295412,0,ACC,2023-07-05 13:00:00,51.88
1688668200,67a33ea0f2ac523fa772202f,1817.95,1817.95,1784.95,1791.5,1083059,0,ACC,2023-07-06 13:00:00,44.5
1688927400,67a33ea0f2ac523fa7722030,1792.0,1807.0,1775.6,1794.7,516907,0,ACC,2023-07-09 13:00:00,45.43
1689013800,67a33ea0f2ac523fa7722031,1804.9,1804.9,1778.35,1783.25,552422,0,ACC,2023-07-10 13:00:00,42.68
1689100200,67a33ea0f2ac523fa7722032,1789.0,1794.95,1764.15,1789.65,641496,0,ACC,2023-07-11 13:00:00,44.69
1689186600,67a33ea0f2ac523fa7722033,1790.0,1796.5,1764.3,1770.5,440574,0,ACC,2023-07-12 13:00:00,40.15
1689273000,67a33ea0f2ac523fa7722034,1776.05,1782.25,1770.25,1777.5,190205,0,ACC,2023-07-13 13:00:00,42.45
1689532200,67a33ea0f2ac523fa7722035,1788.35,1819.75,1781.0,1811.5,414958,0,ACC,2023-07-16 13:00:00,52.1
1689618600,67a33ea0f2ac523fa7722036,1815.95,1818.65,1789.25,1795.1,503572,0,ACC,2023-07-17 13:00:00,47.92
1689705000,67a33ea0f2ac523fa7722037,1804.95,1804.95,1791.5,1800.05,200726,0,ACC,2023-07-18 13:00:00,49.25
1689791400,67a33ea0f2ac523fa7722038,1809.85,1810.0,1788.0,1800.45,409980,0,ACC,2023-07-19 13:00:00,49.36
1689877800,67a33ea0f2ac523fa7722039,1803.4,1803.4,1762.65,1766.7,365570,0,ACC,2023-07-20 13:00:00,41.13
1690137000,67a33ea0f2ac523fa772203a,1777.45,1816.0,1773.6,1804.6,532719,0,ACC,2023-07-23 13:00:00,51.01
1690223400,67a33ea0f2ac523fa772203b,1810.0,1895.0,1810.0,1891.75,2498279,0,ACC,2023-07-24 13:00:00,65.39
1690309800,67a33ea0f2ac523fa772203c,1899.95,1926.5,1873.85,1922.5,1090375,0,ACC,2023-07-25 13:00:00,68.86
1690396200,67a33ea0f2ac523fa772203d,1927.0,1955.0,1900.0,1940.5,1426409,0,ACC,2023-07-26 13:00:00,70.72
1690482600,67a33ea0f2ac523fa772203e,1950.0,1974.35,1913.6,1948.9,2036905,0,ACC,2023-07-27 13:00:00,71.57
1690741800,67a33ea0f2ac523fa772203f,1945.0,2031.0,1933.3,2017.9,1323856,0,ACC,2023-07-30 13:00:00,77.38
1690828200,67a33ea0f2ac523fa7722040,2014.7,2029.0,1980.2,2010.6,522582,0,ACC,2023-07-31 13:00:00,75.62
1690914600,67a33ea0f2ac523fa7722041,2007.0,2026.7,1961.5,1971.25,677137,0,ACC,2023-08-01 13:00:00,66.79
1691001000,67a33ea0f2ac523fa7722042,1972.2,2050.0,1950.0,2028.15,1104713,0,ACC,2023-08-02 13:00:00,71.9
1691087400,67a33ea0f2ac523fa7722043,2039.05,2052.5,2015.8,2042.75,525513,0,ACC,2023-08-03 13:00:00,73.05
1691346600,67a33ea0f2ac523fa7722044,2042.75,2050.75,2012.1,2031.05,286662,0,ACC,2023-08-06 13:00:00,70.56
1691433000,67a33ea0f2ac523fa7722045,2016.55,2032.8,1967.0,2000.95,450388,0,ACC,2023-08-07 13:00:00,64.49
1691519400,67a33ea0f2ac523fa7722046,2000.95,2009.0,1975.9,1987.15,187614,0,ACC,2023-08-08 13:00:00,61.86
1691605800,67a33ea0f2ac523fa7722047,1990.0,1994.65,1950.0,1960.95,294347,0,ACC,2023-08-09 13:00:00,57.11
1691692200,67a33ea0f2ac523fa7722048,1947.05,1973.3,1927.25,1953.65,651697,0,ACC,2023-08-10 13:00:00,55.82
1691951400,67a33ea0f2ac523fa7722049,1949.65,1949.65,1905.0,1910.35,307784,0,ACC,2023-08-13 13:00:00,48.79
1692124200,67a33ea0f2ac523fa772204a,1905.0,1905.0,1880.0,1892.15,288181,0,ACC,2023-08-15 13:00:00,46.16
1692210600,67a33ea0f2ac523fa772204b,1893.0,1908.9,1881.0,1900.85,234693,0,ACC,2023-08-16 13:00:00,47.61
1692297000,67a33ea0f2ac523fa772204c,1895.0,1955.95,1883.0,1934.1,730944,0,ACC,2023-08-17 13:00:00,52.85
1692556200,67a33ea0f2ac523fa772204d,1934.2,1979.0,1934.15,1971.95,561719,0,ACC,2023-08-20 13:00:00,58.0
1692642600,67a33ea0f2ac523fa772204e,1975.15,1992.55,1963.95,1979.1,407798,0,ACC,2023-08-21 13:00:00,58.92
1692729000,67a33ea0f2ac523fa772204f,1979.9,1987.75,1953.55,1965.25,555199,0,ACC,2023-08-22 13:00:00,56.36
1692815400,67a33ea0f2ac523fa7722050,1975.0,2007.0,1956.4,1990.35,362009,0,ACC,2023-08-23 13:00:00,59.77
1692901800,67a33ea0f2ac523fa7722051,1980.0,1980.0,1945.0,1962.55,563552,0,ACC,2023-08-24 13:00:00,54.68
1693161000,67a33ea0f2ac523fa7722052,1970.0,1998.8,1956.7,1985.25,451894,0,ACC,2023-08-27 13:00:00,57.84
1693247400,67a33ea0f2ac523fa7722053,1985.25,1997.35,1976.05,1981.8,352542,0,ACC,2023-08-28 13:00:00,57.18
1693333800,67a33ea0f2ac523fa7722054,1981.1,2010.9,1966.0,2000.55,649837,0,ACC,2023-08-29 13:00:00,59.83
1693420200,67a33ea0f2ac523fa7722055,1987.0,2030.15,1932.65,2005.75,8298767,0,ACC,2023-08-30 13:00:00,60.56
1693506600,67a33ea0f2ac523fa7722056,2000.0,2037.65,1990.0,2011.25,511773,0,ACC,2023-08-31 13:00:00,61.36
1693765800,67a33ea0f2ac523fa7722057,2012.15,2064.95,2012.15,2058.65,929654,0,ACC,2023-09-03 13:00:00,67.48
1693852200,67a33ea0f2ac523fa7722058,2056.6,2104.0,2045.0,2084.6,770177,0,ACC,2023-09-04 13:00:00,70.26
1693938600,67a33ea0f2ac523fa7722059,2084.0,2084.55,2037.7,2043.5,801557,0,ACC,2023-09-05 13:00:00,61.33
1694025000,67a33ea0f2ac523fa772205a,2044.95,2051.0,2022.35,2041.75,669197,0,ACC,2023-09-06 13:00:00,60.97
1694111400,67a33ea0f2ac523fa772205b,2051.0,2057.0,2016.0,2024.25,655333,0,ACC,2023-09-07 13:00:00,57.39
1694370600,67a33ea0f2ac523fa772205c,2024.25,2068.55,2012.0,2051.05,666836,0,ACC,2023-09-10 13:00:00,61.15
1694457000,67a33ea0f2ac523fa772205d,2064.75,2072.9,2002.95,2010.95,969463,0,ACC,2023-09-11 13:00:00,53.53
1694543400,67a33ea0f2ac523fa772205e,2017.95,2066.75,2004.55,2063.05,500782,0,ACC,2023-09-12 13:00:00,60.43
1694629800,67a33ea0f2ac523fa772205f,2070.0,2082.1,2032.4,2038.3,388273,0,ACC,2023-09-13 13:00:00,56.17
1694716200,67a33ea0f2ac523fa7722060,2050.3,2054.3,2021.0,2026.85,247463,0,ACC,2023-09-14 13:00:00,54.26
1694975400,67a33ea0f2ac523fa7722061,2031.3,2038.0,2002.0,2006.7,231014,0,ACC,2023-09-17 13:00:00,50.98
1695148200,67a33ea0f2ac523fa7722062,2006.0,2006.7,1968.0,1979.8,254921,0,ACC,2023-09-19 13:00:00,46.9
1695234600,67a33ea0f2ac523fa7722063,1975.0,2002.15,1965.25,1993.8,356618,0,ACC,2023-09-20 13:00:00,49.18
1695321000,67a33ea0f2ac523fa7722064,1999.0,2001.55,1967.65,1978.5,238415,0,ACC,2023-09-21 13:00:00,46.81
1695580200,67a33ea0f2ac523fa7722065,1971.0,2006.0,1967.4,2000.1,281333,0,ACC,2023-09-24 13:00:00,50.44
1695666600,67a33ea0f2ac523fa7722066,2000.8,2026.7,1995.0,2015.05,369560,0,ACC,2023-09-25 13:00:00,52.83
1695753000,67a33ea0f2ac523fa7722067,2016.2,2025.25,2006.8,2019.75,218437,0,ACC,2023-09-26 13:00:00,53.59
1695839400,67a33ea0f2ac523fa7722068,2019.75,2031.5,1982.75,1996.35,1420559,0,ACC,2023-09-27 13:00:00,49.33
1695925800,67a33ea0f2ac523fa7722069,2010.0,2024.0,2002.15,2012.25,168496,0,ACC,2023-09-28 13:00:00,52.12
1696271400,67a33ea0f2ac523fa772206a,2015.95,2039.85,2008.85,2034.9,248293,0,ACC,2023-10-02 13:00:00,55.84
1696357800,67a33ea0f2ac523fa772206b,2030.0,2035.2,1985.65,2006.65,554620,0,ACC,2023-10-03 13:00:00,50.56
1696444200,67a33ea0f2ac523fa772206c,2007.0,2025.45,1993.2,1997.25,180497,0,ACC,2023-10-04 13:00:00,48.9
1696530600,67a33ea0f2ac523fa772206d,1997.25,2021.7,1997.25,2009.95,153026,0,ACC,2023-10-05 13:00:00,51.23
1696789800,67a33ea0f2ac523fa772206e,2000.05,2001.0,1955.5,1964.95,830635,0,ACC,2023-10-08 13:00:00,43.65
1696876200,67a33ea0f2ac523fa772206f,1966.95,1994.45,1966.95,1986.25,123625,0,ACC,2023-10-09 13:00:00,47.6
1696962600,67a33ea0f2ac523fa7722070,1998.0,2056.95,1981.4,2038.7,601662,0,ACC,2023-10-10 13:00:00,55.82
1697049000,67a33ea0f2ac523fa7722071,2049.0,2053.9,2021.8,2029.55,190229,0,ACC,2023-10-11 13:00:00,54.22
1697135400,67a33ea0f2ac523fa7722072,2022.15,2030.7,2008.0,2010.45,141242,0,ACC,2023-10-12 13:00:00,50.94
1697394600,67a33ea0f2ac523fa7722073,2010.0,2037.0,2002.0,2030.85,228407,0,ACC,2023-10-15 13:00:00,54.13
1697481000,67a33ea0f2ac523fa7722074,2034.25,2042.0,2020.1,2039.6,212532,0,ACC,2023-10-16 13:00:00,55.47
1697567400,67a33ea0f2ac523fa7722075,2041.0,2044.65,2008.0,2014.05,205829,0,ACC,2023-10-17 13:00:00,50.81
1697653800,67a33ea0f2ac523fa7722076,2015.0,2038.65,1995.05,2030.55,190539,0,ACC,2023-10-18 13:00:00,53.53
1697740200,67a33ea0f2ac523fa7722077,2021.6,2032.45,1955.6,1963.15,524895,0,ACC,2023-10-19 13:00:00,43.07
1697999400,67a33ea0f2ac523fa7722078,1970.0,1978.8,1880.0,1897.35,390084,0,ACC,2023-10-22 13:00:00,35.73
1698172200,67a33ea0f2ac523fa7722079,1900.0,1919.15,1867.35,1891.1,660572,0,ACC,2023-10-24 13:00:00,35.12
1698258600,67a33ea0f2ac523fa772207a,1884.8,1913.0,1871.0,1899.85,690300,0,ACC,2023-10-25 13:00:00,36.75
1698345000,67a33ea0f2ac523fa772207b,1930.0,1936.0,1871.15,1878.0,449396,0,ACC,2023-10-26 13:00:00,34.42
1698604200,67a33ea0f2ac523fa772207c,1890.0,1897.0,1872.8,1887.0,162949,0,ACC,2023-10-29 13:00:00,36.22
1698690600,67a33ea0f2ac523fa772207d,1895.0,1903.7,1882.05,1888.2,117831,0,ACC,2023-10-30 13:00:00,36.47
1698777000,67a33ea0f2ac523fa772207e,1890.0,1897.35,1836.6,1843.75,274912,0,ACC,2023-10-31 13:00:00,31.54
1698863400,67a33ea0f2ac523fa772207f,1851.75,1879.05,1841.2,1864.15,205501,0,ACC,2023-11-01 13:00:00,35.83
1698949800,67a33ea0f2ac523fa7722080,1878.0,1890.0,1858.0,1859.85,187144,0,ACC,2023-11-02 13:00:00,35.32
1699209000,67a33ea0f2ac523fa7722081,1874.85,1888.5,1862.0,1864.3,203941,0,ACC,2023-11-05 13:00:00,36.32
1699295400,67a33ea0f2ac523fa7722082,1867.25,1872.0,1855.0,1860.6,160739,0,ACC,2023-11-06 13:00:00,35.83
1699381800,67a33ea0f2ac523fa7722083,1869.0,1880.65,1852.0,1854.15,189559,0,ACC,2023-11-07 13:00:00,34.94
1699468200,67a33ea0f2ac523fa7722084,1864.0,1864.0,1840.95,1844.95,223676,0,ACC,2023-11-08 13:00:00,33.65
1699554600,67a33ea0f2ac523fa7722085,1844.0,1846.5,1818.0,1825.3,259623,0,ACC,2023-11-09 13:00:00,31.03
1699727400,67a33ea0f2ac523fa7722086,1832.0,1847.95,1832.0,1839.15,43093,0,ACC,2023-11-11 13:00:00,34.88
1699813800,67a33ea0f2ac523fa7722087,1838.5,1839.15,1815.0,1834.85,361409,0,ACC,2023-11-12 13:00:00,34.24
1699986600,67a33ea0f2ac523fa7722088,1848.0,1858.9,1829.15,1836.35,274781,0,ACC,2023-11-14 13:00:00,34.69
1700073000,67a33ea0f2ac523fa7722089,1843.0,1853.8,1835.4,1844.85,215184,0,ACC,2023-11-15 13:00:00,37.31
1700159400,67a33ea0f2ac523fa772208a,1855.0,1874.3,1842.95,1848.25,257285,0,ACC,2023-11-16 13:00:00,38.37
1700418600,67a33ea0f2ac523fa772208b,1848.25,1858.4,1826.2,1828.45,170647,0,ACC,2023-11-19 13:00:00,34.68
1700505000,67a33ea0f2ac523fa772208c,1832.0,1849.9,1830.0,1839.55,187241,0,ACC,2023-11-20 13:00:00,38.27
1700591400,67a33ea0f2ac523fa772208d,1842.05,1847.35,1803.0,1815.25,313236,0,ACC,2023-11-21 13:00:00,33.88
1700677800,67a33ea0f2ac523fa772208e,1826.75,1826.75,1806.0,1819.7,254690,0,ACC,2023-11-22 13:00:00,35.34
1700764200,67a33ea0f2ac523fa772208f,1822.0,1829.0,1813.0,1820.5,188206,0,ACC,2023-11-23 13:00:00,35.62
1701109800,67a33ea0f2ac523fa7722090,1830.0,1891.5,1825.0,1869.0,934618,0,ACC,2023-11-27 13:00:00,49.63
1701196200,67a33ea0f2ac523fa7722091,1886.0,1887.15,1861.1,1871.8,398562,0,ACC,2023-11-28 13:00:00,50.3
1701282600,67a33ea0f2ac523fa7722092,1871.8,1891.0,1850.0,1875.55,2698012,0,ACC,2023-11-29 13:00:00,51.24
1701369000,67a33ea0f2ac523fa7722093,1899.05,1911.2,1885.9,1900.25,465342,0,ACC,2023-11-30 13:00:00,57.0
1701628200,67a33ea0f2ac523fa7722094,1979.0,2031.8,1950.0,2019.5,1802093,0,ACC,2023-12-03 13:00:00,73.36
1701714600,67a33ea0f2ac523fa7722095,2023.0,2193.0,2013.75,2184.8,3873194,0,ACC,2023-12-04 13:00:00,83.01
1701801000,67a33ea0f2ac523fa7722096,2201.0,2218.0,2114.0,2128.25,1764074,0,ACC,2023-12-05 13:00:00,73.24
1701887400,67a33ea0f2ac523fa7722097,2143.95,2153.55,2118.6,2141.55,558084,0,ACC,2023-12-06 13:00:00,74.01
1701973800,67a33ea0f2ac523fa7722098,2145.0,2158.15,2100.3,2137.8,524686,0,ACC,2023-12-07 13:00:00,73.37
1702233000,67a33ea0f2ac523fa7722099,2132.45,2185.0,2111.0,2179.2,771231,0,ACC,2023-12-10 13:00:00,75.87
1702319400,67a33ea0f2ac523fa772209a,2192.0,2207.95,2162.05,2175.45,542040,0,ACC,2023-12-11 13:00:00,75.18
1702405800,67a33ea0f2ac523fa772209b,2179.45,2206.0,2150.0,2184.2,511464,0,ACC,2023-12-12 13:00:00,75.73
1702492200,67a33ea0f2ac523fa772209c,2199.0,2251.05,2192.3,2234.3,831020,0,ACC,2023-12-13 13:00:00,78.67
1702578600,67a33ea0f2ac523fa772209d,2239.95,2241.5,2206.0,2212.35,362643,0,ACC,2023-12-14 13:00:00,74.42
1702837800,67a33ea0f2ac523fa772209e,2232.0,2240.8,2211.0,2237.25,312895,0,ACC,2023-12-17 13:00:00,76.0
1702924200,67a33ea0f2ac523fa772209f,2238.0,2254.0,2187.7,2202.75,445489,0,ACC,2023-12-18 13:00:00,69.58
1703010600,67a33ea0f2ac523fa77220a0,2209.0,2217.05,2070.0,2086.65,895756,0,ACC,2023-12-19 13:00:00,53.27
1703097000,67a33ea0f2ac523fa77220a1,2055.0,2115.0,2046.05,2107.4,505610,0,ACC,2023-12-20 13:00:00,55.29
1703183400,67a33ea0f2ac523fa77220a2,2120.0,2122.95,2079.0,2090.75,444653,0,ACC,2023-12-21 13:00:00,53.3
1703529000,67a33ea0f2ac523fa77220a3,2099.9,2129.45,2092.55,2113.55,255820,0,ACC,2023-12-25 13:00:00,55.65
1703615400,67a33ea0f2ac523fa77220a4,2134.0,2174.9,2134.0,2168.55,875390,0,ACC,2023-12-26 13:00:00,60.78
1703701800,67a33ea0f2ac523fa77220a5,2179.9,2181.75,2158.1,2170.7,339907,0,ACC,2023-12-27 13:00:00,60.97
1703788200,67a33ea0f2ac523fa77220a6,2173.95,2215.6,2171.65,2211.25,428894,0,ACC,2023-12-28 13:00:00,64.47
1704047400,67a33ea0f2ac523fa77220a7,2212.0,2260.0,2208.65,2243.3,531769,0,ACC,2023-12-31 13:00:00,66.99
1704133800,67a33ea0f2ac523fa77220a8,2244.0,2278.0,2214.9,2267.3,534118,0,ACC,2024-01-01 13:00:00,68.77
1704220200,67a33ea0f2ac523fa77220a9,2283.0,2333.8,2255.0,2280.2,1440573,0,ACC,2024-01-02 13:00:00,69.72
1704306600,67a33ea0f2ac523fa77220aa,2299.8,2367.25,2273.55,2358.2,853756,0,ACC,2024-01-03 13:00:00,74.72
1704393000,67a33ea0f2ac523fa77220ab,2357.95,2403.8,2340.05,2377.45,644750,0,ACC,2024-01-04 13:00:00,75.78
1704652200,67a33ea0f2ac523fa77220ac,2400.05,2407.1,2329.75,2354.75,538613,0,ACC,2024-01-07 13:00:00,71.94
1704738600,67a33ea0f2ac523fa77220ad,2371.95,2386.5,2297.2,2309.65,426967,0,ACC,2024-01-08 13:00:00,64.91
1704825000,67a33ea0f2ac523fa77220ae,2312.0,2327.0,2293.2,2306.6,184435,0,ACC,2024-01-09 13:00:00,64.45
1704911400,67a33ea0f2ac523fa77220af,2318.9,2338.8,2295.05,2321.75,183821,0,ACC,2024-01-10 13:00:00,65.74
1704997800,67a33ea0f2ac523fa77220b0,2335.0,2347.15,2320.0,2332.4,381875,0,ACC,2024-01-11 13:00:00,66.66
1705257000,67a33ea0f2ac523fa77220b1,2344.0,2344.0,2315.7,2320.4,136365,0,ACC,2024-01-14 13:00:00,64.56
1705343400,67a33ea0f2ac523fa77220b2,2309.05,2327.4,2282.1,2294.45,202836,0,ACC,2024-01-15 13:00:00,60.14
1705429800,67a33ea0f2ac523fa77220b3,2289.0,2324.0,2247.65,2251.8,296563,0,ACC,2024-01-16 13:00:00,53.64
1705516200,67a33ea0f2ac523fa77220b4,2246.0,2267.1,2201.05,2260.1,228207,0,ACC,2024-01-17 13:00:00,54.67
1705602600,67a33ea0f2ac523fa77220b5,2273.0,2283.15,2237.55,2277.1,230851,0,ACC,2024-01-18 13:00:00,56.78
1705689000,67a33ea0f2ac523fa77220b6,2279.0,2310.0,2250.05,2290.1,254530,0,ACC,2024-01-19 13:00:00,58.38
1705948200,67a33ea0f2ac523fa77220b7,2309.0,2311.4,2199.5,2207.95,277970,0,ACC,2024-01-22 13:00:00,46.65
1706034600,67a33ea0f2ac523fa77220b8,2206.0,2248.45,2190.0,2240.6,213154,0,ACC,2024-01-23 13:00:00,50.87
1706121000,67a33ea0f2ac523fa77220b9,2248.7,2563.75,2238.85,2467.65,3008170,0,ACC,2024-01-24 13:00:00,69.16
1706466600,67a33ea0f2ac523fa77220ba,2520.05,2565.0,2455.0,2492.9,1663558,0,ACC,2024-01-28 13:00:00,70.48
1706553000,67a33ea0f2ac523fa77220bb,2508.0,2577.8,2496.85,2513.15,957680,0,ACC,2024-01-29 13:00:00,71.53
1706639400,67a33ea0f2ac523fa77220bc,2514.0,2584.0,2469.2,2544.3,752943,0,ACC,2024-01-30 13:00:00,73.11
1706725800,67a33ea0f2ac523fa77220bd,2553.4,2566.0,2511.7,2530.0,424201,0,ACC,2024-01-31 13:00:00,71.15
1706812200,67a33ea0f2ac523fa77220be,2552.8,2563.9,2490.0,2499.45,240193,0,ACC,2024-02-01 13:00:00,67.03
1707071400,67a33ea0f2ac523fa77220bf,2510.0,2523.5,2469.65,2486.2,234406,0,ACC,2024-02-04 13:00:00,65.26
1707157800,67a33ea0f2ac523fa77220c0,2485.8,2533.0,2469.25,2528.25,201246,0,ACC,2024-02-05 13:00:00,68.13
1707244200,67a33ea0f2ac523fa77220c1,2535.0,2556.0,2494.8,2505.55,246866,0,ACC,2024-02-06 13:00:00,65.01
1707330600,67a33ea0f2ac523fa77220c2,2517.1,2539.95,2503.35,2510.85,190668,0,ACC,2024-02-07 13:00:00,65.41
1707417000,67a33ea0f2ac523fa77220c3,2520.0,2645.0,2506.8,2628.05,1828299,0,ACC,2024-02-08 13:00:00,72.79
1707676200,67a33ea0f2ac523fa77220c4,2646.0,2691.45,2610.5,2636.35,785117,0,ACC,2024-02-11 13:00:00,73.23
1707762600,67a33ea0f2ac523fa77220c5,2635.55,2635.55,2562.85,2614.6,413974,0,ACC,2024-02-12 13:00:00,70.06
1707849000,67a33ea0f2ac523fa77220c6,2599.05,2646.6,2585.3,2619.6,458027,0,ACC,2024-02-13 13:00:00,70.38
1707935400,67a33ea0f2ac523fa77220c7,2635.05,2651.95,2608.75,2637.65,261121,0,ACC,2024-02-14 13:00:00,71.55
1708021800,67a33ea0f2ac523fa77220c8,2649.95,2746.4,2642.3,2720.4,1169085,0,ACC,2024-02-15 13:00:00,76.2
1708281000,67a33ea0f2ac523fa77220c9,2744.0,2744.0,2660.4,2670.5,273523,0,ACC,2024-02-18 13:00:00,68.89
1708367400,67a33ea0f2ac523fa77220ca,2674.0,2715.0,2657.2,2686.7,459876,0,ACC,2024-02-19 13:00:00,69.9
1708453800,67a33ea0f2ac523fa77220cb,2690.0,2719.0,2651.1,2666.75,383105,0,ACC,2024-02-20 13:00:00,67.01
1708540200,67a33ea0f2ac523fa77220cc,2676.8,2687.8,2636.0,2680.1,261578,0,ACC,2024-02-21 13:00:00,67.97
1708626600,67a33ea0f2ac523fa77220cd,2677.1,2718.0,2665.0,2679.55,419808,0,ACC,2024-02-22 13:00:00,67.88
1708885800,67a33ea0f2ac523fa77220ce,2679.1,2720.0,2668.05,2674.65,416193,0,ACC,2024-02-25 13:00:00,67.06
1708972200,67a33ea0f2ac523fa77220cf,2666.65,2688.0,2660.5,2669.4,189689,0,ACC,2024-02-26 13:00:00,66.13
1709058600,67a33ea0f2ac523fa77220d0,2669.4,2683.35,2567.0,2573.25,374995,0,ACC,2024-02-27 13:00:00,51.98
1709145000,67a33ea0f2ac523fa77220d1,2570.0,2662.0,2556.2,2629.3,442487,0,ACC,2024-02-28 13:00:00,57.67
1709231400,67a33ea0f2ac523fa77220d2,2650.0,2704.85,2636.35,2695.45,295468,0,ACC,2024-02-29 13:00:00,63.2
1709317800,67a33ea0f2ac523fa77220d3,2700.15,2720.0,2676.1,2702.55,30198,0,ACC,2024-03-01 13:00:00,63.75
1709490600,67a33ea0f2ac523fa77220d4,2710.0,2723.15,2688.6,2695.65,246474,0,ACC,2024-03-03 13:00:00,62.77
1709577000,67a33ea0f2ac523fa77220d5,2705.0,2705.0,2660.0,2668.75,148918,0,ACC,2024-03-04 13:00:00,58.97
1709663400,67a33ea0f2ac523fa77220d6,2665.0,2673.4,2596.95,2642.0,217355,0,ACC,2024-03-05 13:00:00,55.38
1709749800,67a33ea0f2ac523fa77220d7,2642.0,2656.85,2615.3,2638.8,149670,0,ACC,2024-03-06 13:00:00,54.95
1710095400,67a33ea0f2ac523fa77220d8,2645.0,2677.1,2635.0,2641.9,216685,0,ACC,2024-03-10 13:00:00,55.31
1710181800,67a33ea0f2ac523fa77220d9,2642.0,2659.35,2550.05,2561.6,288886,0,ACC,2024-03-11 13:00:00,45.17
1710268200,67a33ea0f2ac523fa77220da,2565.0,2575.65,2354.45,2389.1,512003,0,ACC,2024-03-12 13:00:00,31.71
1710354600,67a33ea0f2ac523fa77220db,2387.0,2489.3,2347.2,2482.1,350605,0,ACC,2024-03-13 13:00:00,41.78
1710441000,67a33ea0f2ac523fa77220dc,2482.1,2523.95,2426.55,2502.95,333506,0,ACC,2024-03-14 13:00:00,43.78
1710700200,67a33ea0f2ac523fa77220dd,2480.1,2480.1,2393.05,2441.55,612586,0,ACC,2024-03-17 13:00:00,39.48
1710786600,67a33ea0f2ac523fa77220de,2442.8,2449.85,2375.75,2403.4,340416,0,ACC,2024-03-18 13:00:00,37.04
1710873000,67a33ea0f2ac523fa77220df,2409.05,2431.45,2371.05,2397.7,218650,0,ACC,2024-03-19 13:00:00,36.68
1710959400,67a33ea0f2ac523fa77220e0,2429.0,2450.9,2400.05,2438.85,142027,0,ACC,2024-03-20 13:00:00,41.17
1711045800,67a33ea0f2ac523fa77220e1,2439.05,2458.0,2415.55,2443.25,328757,0,ACC,2024-03-21 13:00:00,41.65
1711391400,67a33ea0f2ac523fa77220e2,2430.0,2477.2,2429.6,2450.0,186745,0,ACC,2024-03-25 13:00:00,42.42
1711477800,67a33ea0f2ac523fa77220e3,2463.95,2500.0,2448.55,2454.1,357536,0,ACC,2024-03-26 13:00:00,42.92
1711564200,67a33ea0f2ac523fa77220e4,2478.0,2505.0,2453.2,2491.7,326365,0,ACC,2024-03-27 13:00:00,47.37
1711909800,67a33ea0f2ac523fa77220e5,2510.0,2555.65,2497.1,2544.55,436532,0,ACC,2024-03-31 13:00:00,52.94
1711996200,67a33ea0f2ac523fa77220e6,2555.0,2658.0,2545.85,2648.65,493639,0,ACC,2024-04-01 13:00:00,61.56
1712082600,67a33ea0f2ac523fa77220e7,2625.0,2657.0,2606.0,2633.95,331703,0,ACC,2024-04-02 13:00:00,59.89
1712169000,67a33ea0f2ac523fa77220e8,2648.9,2666.7,2590.1,2616.25,206549,0,ACC,2024-04-03 13:00:00,57.86
1712255400,67a33ea0f2ac523fa77220e9,2615.0,2628.75,2564.25,2575.1,279335,0,ACC,2024-04-04 13:00:00,53.32
1712514600,67a33ea0f2ac523fa77220ea,2595.9,2607.0,2540.0,2582.45,311791,0,ACC,2024-04-07 13:00:00,54.02
1712601000,67a33ea0f2ac523fa77220eb,2583.0,2598.3,2515.0,2524.3,441705,0,ACC,2024-04-08 13:00:00,47.95
1712687400,67a33ea0f2ac523fa77220ec,2524.3,2542.0,2513.75,2524.7,168415,0,ACC,2024-04-09 13:00:00,48.0
1712860200,67a33ea0f2ac523fa77220ed,2524.7,2532.5,2460.0,2468.3,262400,0,ACC,2024-04-11 13:00:00,42.62
1713119400,67a33ea0f2ac523fa77220ee,2465.0,2478.6,2407.05,2442.45,228287,0,ACC,2024-04-14 13:00:00,40.38
1713205800,67a33ea0f2ac523fa77220ef,2422.1,2457.0,2414.0,2442.65,287633,0,ACC,2024-04-15 13:00:00,40.41
1713378600,67a33ea0f2ac523fa77220f0,2480.0,2484.05,2400.15,2412.0,228173,0,ACC,2024-04-17 13:00:00,37.69
1713465000,67a33ea0f2ac523fa77220f1,2396.0,2416.95,2368.0,2405.15,312710,0,ACC,2024-04-18 13:00:00,37.09
1713724200,67a33ea0f2ac523fa77220f2,2427.45,2427.45,2370.2,2403.55,572343,0,ACC,2024-04-21 13:00:00,36.95
1713810600,67a33ea0f2ac523fa77220f3,2428.0,2462.8,2401.3,2452.6,450921,0,ACC,2024-04-22 13:00:00,44.28
1713897000,67a33ea0f2ac523fa77220f4,2467.0,2574.0,2467.0,2556.4,885613,0,ACC,2024-04-23 13:00:00,55.96
1713983400,67a33ea0f2ac523fa77220f5,2567.9,2609.55,2515.5,2579.6,2388925,0,ACC,2024-04-24 13:00:00,58.07
1714069800,67a33ea0f2ac523fa77220f6,2607.05,2610.0,2516.0,2533.05,1110755,0,ACC,2024-04-25 13:00:00,52.61
1714329000,67a33ea0f2ac523fa77220f7,2535.0,2561.5,2516.05,2525.4,725621,0,ACC,2024-04-28 13:00:00,51.75
1714415400,67a33ea0f2ac523fa77220f8,2551.0,2554.7,2525.0,2531.8,431087,0,ACC,2024-04-29 13:00:00,52.45
1714588200,67a33ea0f2ac523fa77220f9,2544.0,2552.0,2521.5,2529.45,477663,0,ACC,2024-05-01 13:00:00,52.15
1714674600,67a33ea0f2ac523fa77220fa,2544.7,2564.0,2503.05,2531.4,521596,0,ACC,2024-05-02 13:00:00,52.4
1714933800,67a33ea0f2ac523fa77220fb,2546.0,2551.4,2482.0,2489.5,477174,0,ACC,2024-05-05 13:00:00,46.89
1715020200,67a33ea0f2ac523fa77220fc,2490.0,2516.2,2422.0,2436.45,588553,0,ACC,2024-05-06 13:00:00,41.01
1715106600,67a33ea0f2ac523fa77220fd,2436.5,2455.0,2421.05,2439.6,396644,0,ACC,2024-05-07 13:00:00,41.48
1715193000,67a33ea0f2ac523fa77220fe,2443.45,2454.9,2403.0,2416.15,316035,0,ACC,2024-05-08 13:00:00,38.99
1715279400,67a33ea0f2ac523fa77220ff,2427.0,2439.75,2355.45,2360.15,547547,0,ACC,2024-05-09 13:00:00,33.78
1715538600,67a33ea0f2ac523fa7722100,2374.0,2377.95,2331.55,2363.75,320038,0,ACC,2024-05-12 13:00:00,34.39
1715625000,67a33ea0f2ac523fa7722101,2375.0,2469.4,2375.0,2463.5,747111,0,ACC,2024-05-13 13:00:00,48.48
1715711400,67a33ea0f2ac523fa7722102,2477.95,2502.0,2451.3,2489.15,474968,0,ACC,2024-05-14 13:00:00,51.37
1715797800,67a33ea0f2ac523fa7722103,2498.8,2500.35,2461.1,2486.1,444321,0,ACC,2024-05-15 13:00:00,51.0
1715884200,67a33ea0f2ac523fa7722104,2492.35,2527.95,2486.2,2521.95,451244,0,ACC,2024-05-16 13:00:00,55.06
1715970600,67a33ea0f2ac523fa7722105,2534.4,2565.0,2501.0,2525.95,40399,0,ACC,2024-05-17 13:00:00,55.5
1716229800,67a33ea0f2ac523fa7722106,2525.95,2559.9,2482.9,2527.85,322930,0,ACC,2024-05-20 13:00:00,55.73
1716316200,67a33ea0f2ac523fa7722107,2531.0,2548.15,2495.0,2543.35,396208,0,ACC,2024-05-21 13:00:00,57.6
1716402600,67a33ea0f2ac523fa7722108,2549.8,2627.95,2518.1,2616.4,789007,0,ACC,2024-05-22 13:00:00,65.08
1716489000,67a33ea0f2ac523fa7722109,2620.0,2662.8,2597.9,2609.25,746571,0,ACC,2024-05-23 13:00:00,63.89
1716748200,67a33ea0f2ac523fa772210a,2615.0,2624.8,2572.95,2585.1,374739,0,ACC,2024-05-26 13:00:00,59.91
1716834600,67a33ea0f2ac523fa772210b,2582.95,2593.6,2552.0,2570.55,302161,0,ACC,2024-05-27 13:00:00,57.58
1716921000,67a33ea0f2ac523fa772210c,2564.95,2570.0,2523.85,2536.5,463000,0,ACC,2024-05-28 13:00:00,52.45
1717007400,67a33ea0f2ac523fa772210d,2528.75,2545.0,2485.05,2496.95,241520,0,ACC,2024-05-29 13:00:00,47.19
1717093800,67a33ea0f2ac523fa772210e,2515.0,2570.1,2498.05,2546.4,581377,0,ACC,2024-05-30 13:00:00,53.47
1717353000,67a33ea0f2ac523fa772210f,2670.0,2702.7,2603.4,2682.8,1017937,0,ACC,2024-06-02 13:00:00,65.63
1717439400,67a33ea0f2ac523fa7722110,2679.95,2679.95,2150.0,2282.05,1495201,0,ACC,2024-06-03 13:00:00,35.93
1717525800,67a33ea0f2ac523fa7722111,2349.95,2425.0,2236.3,2401.6,662576,0,ACC,2024-06-04 13:00:00,44.06
1717612200,67a33ea0f2ac523fa7722112,2431.6,2506.2,2431.6,2453.55,475470,0,ACC,2024-06-05 13:00:00,47.2
1717698600,67a33ea0f2ac523fa7722113,2467.4,2507.75,2451.4,2499.1,329255,0,ACC,2024-06-06 13:00:00,49.85
1717957800,67a33ea0f2ac523fa7722114,2519.45,2566.0,2499.1,2543.1,425202,0,ACC,2024-06-09 13:00:00,52.35
1718044200,67a33ea0f2ac523fa7722115,2575.0,2575.0,2545.1,2563.6,516274,0,ACC,2024-06-10 13:00:00,53.51
1718130600,67a33ea0f2ac523fa7722116,2565.05,2639.0,2551.8,2624.4,692186,0,ACC,2024-06-11 13:00:00,56.86
1718217000,67a33ea0f2ac523fa7722117,2642.0,2644.0,2610.6,2635.8,384618,0,ACC,2024-06-12 13:00:00,57.48
1718303400,67a33ea0f2ac523fa7722118,2664.0,2714.0,2651.15,2661.7,706685,0,ACC,2024-06-13 13:00:00,58.92
1718649000,67a33ea0f2ac523fa7722119,2694.0,2694.55,2646.4,2652.0,201421,0,ACC,2024-06-17 13:00:00,58.12
1718735400,67a33ea0f2ac523fa772211a,2653.0,2657.2,2590.55,2621.55,226033,0,ACC,2024-06-18 13:00:00,55.59
1718821800,67a33ea0f2ac523fa772211b,2635.0,2641.2,2611.55,2622.65,321036,0,ACC,2024-06-19 13:00:00,55.66
1718908200,67a33ea0f2ac523fa772211c,2637.0,2650.0,2579.0,2590.2,291043,0,ACC,2024-06-20 13:00:00,52.82
1719167400,67a33ea0f2ac523fa772211d,2585.0,2596.6,2519.05,2588.25,331999,0,ACC,2024-06-23 13:00:00,52.65
1719253800,67a33ea0f2ac523fa772211e,2608.0,2608.0,2549.2,2569.7,680725,0,ACC,2024-06-24 13:00:00,50.93
1719340200,67a33ea0f2ac523fa772211f,2575.0,2654.0,2562.05,2590.9,1036940,0,ACC,2024-06-25 13:00:00,52.82
1719426600,67a33ea0f2ac523fa7722120,2571.05,2671.85,2571.0,2637.0,963244,0,ACC,2024-06-26 13:00:00,56.74
1719513000,67a33ea0f2ac523fa7722121,2641.25,2650.0,2612.65,2619.05,328851,0,ACC,2024-06-27 13:00:00,54.83
1719772200,67a33ea0f2ac523fa7722122,2634.75,2769.0,2619.1,2749.6,895260,0,ACC,2024-06-30 13:00:00,64.25
1719858600,67a33ea0f2ac523fa7722123,2768.0,2844.0,2720.3,2772.25,1487394,0,ACC,2024-07-01 13:00:00,65.59
1719945000,67a33ea0f2ac523fa7722124,2788.85,2798.0,2749.8,2767.6,380778,0,ACC,2024-07-02 13:00:00,65.05
1720031400,67a33ea0f2ac523fa7722125,2773.0,2791.25,2675.0,2725.5,602032,0,ACC,2024-07-03 13:00:00,60.22
1720117800,67a33ea0f2ac523fa7722126,2734.0,2740.25,2648.45,2669.5,363575,0,ACC,2024-07-04 13:00:00,54.43
1720377000,67a33ea0f2ac523fa7722127,2670.1,2708.25,2661.5,2673.05,359425,0,ACC,2024-07-07 13:00:00,54.73
1720463400,67a33ea0f2ac523fa7722128,2673.05,2714.7,2644.05,2685.8,421750,0,ACC,2024-07-08 13:00:00,55.84
1720549800,67a33ea0f2ac523fa7722129,2696.0,2696.0,2586.5,2653.05,348232,0,ACC,2024-07-09 13:00:00,52.29
1720636200,67a33ea0f2ac523fa772212a,2680.0,2740.0,2653.3,2664.4,758235,0,ACC,2024-07-10 13:00:00,53.4
1720722600,67a33ea0f2ac523fa772212b,2670.0,2712.25,2662.7,2686.15,285276,0,ACC,2024-07-11 13:00:00,55.53
1720981800,67a33ea0f2ac523fa772212c,2690.0,2724.35,2686.7,2695.7,198532,0,ACC,2024-07-14 13:00:00,56.47
1721068200,67a33ea0f2ac523fa772212d,2707.0,2744.25,2695.3,2715.85,446114,0,ACC,2024-07-15 13:00:00,58.46
1721241000,67a33ea0f2ac523fa772212e,2716.5,2719.9,2671.15,2686.45,351258,0,ACC,2024-07-17 13:00:00,54.53
1721327400,67a33ea0f2ac523fa772212f,2678.0,2687.0,2596.15,2619.8,393251,0,ACC,2024-07-18 13:00:00,46.84
1721586600,67a33ea0f2ac523fa7722130,2621.0,2670.9,2620.0,2635.05,275075,0,ACC,2024-07-21 13:00:00,48.63
1721673000,67a33ea0f2ac523fa7722131,2640.0,2699.9,2556.8,2646.55,681428,0,ACC,2024-07-22 13:00:00,49.99
1721759400,67a33ea0f2ac523fa7722132,2647.0,2659.8,2612.9,2619.35,237514,0,ACC,2024-07-23 13:00:00,46.83
1721845800,67a33ea0f2ac523fa7722133,2619.0,2619.0,2571.05,2578.9,432019,0,ACC,2024-07-24 13:00:00,42.51
1721932200,67a33ea0f2ac523fa7722134,2599.0,2640.35,2583.75,2614.15,410895,0,ACC,2024-07-25 13:00:00,47.09
1722191400,67a33ea0f2ac523fa7722135,2640.0,2691.9,2589.3,2604.3,833787,0,ACC,2024-07-28 13:00:00,45.99
1722277800,67a33ea0f2ac523fa7722136,2560.0,2614.75,2525.0,2590.75,933857,0,ACC,2024-07-29 13:00:00,44.45
1722364200,67a33ea0f2ac523fa7722137,2590.75,2611.0,2570.0,2590.65,456361,0,ACC,2024-07-30 13:00:00,44.43
1722450600,67a33ea0f2ac523fa7722138,2590.0,2590.55,2483.0,2487.9,1165948,0,ACC,2024-07-31 13:00:00,34.33
1722537000,67a33ea0f2ac523fa7722139,2484.95,2485.0,2431.0,2435.3,674689,0,ACC,2024-08-01 13:00:00,30.51
1722796200,67a33ea0f2ac523fa772213a,2415.0,2443.4,2342.0,2380.6,680437,0,ACC,2024-08-04 13:00:00,27.12
1722882600,67a33ea0f2ac523fa772213b,2400.0,2428.0,2336.0,2342.35,430887,0,ACC,2024-08-05 13:00:00,25.03
1722969000,67a33ea0f2ac523fa772213c,2379.8,2403.15,2365.5,2396.1,332764,0,ACC,2024-08-06 13:00:00,32.86
1723055400,67a33ea0f2ac523fa772213d,2394.55,2395.0,2350.0,2357.2,226629,0,ACC,2024-08-07 13:00:00,30.39
1723141800,67a33ea0f2ac523fa772213e,2375.6,2382.15,2341.05,2351.55,192288,0,ACC,2024-08-08 13:00:00,30.04
1723401000,67a33ea0f2ac523fa772213f,2315.0,2340.0,2292.9,2313.6,605271,0,ACC,2024-08-11 13:00:00,27.7
1723487400,67a33ea0f2ac523fa7722140,2333.0,2366.2,2300.05,2304.8,347684,0,ACC,2024-08-12 13:00:00,27.18
1723573800,67a33ea0f2ac523fa7722141,2314.4,2322.0,2267.7,2281.95,179492,0,ACC,2024-08-13 13:00:00,25.8
1723746600,67a33ea0f2ac523fa7722142,2300.0,2339.9,2290.5,2337.9,192352,0,ACC,2024-08-15 13:00:00,34.52
1724005800,67a33ea0f2ac523fa7722143,2349.0,2354.95,2329.0,2347.45,170480,0,ACC,2024-08-18 13:00:00,35.91
1724092200,67a33ea0f2ac523fa7722144,2355.0,2364.95,2319.9,2325.75,329779,0,ACC,2024-08-19 13:00:00,34.14
1724178600,67a33ea0f2ac523fa7722145,2330.95,2342.3,2316.1,2325.15,227691,0,ACC,2024-08-20 13:00:00,34.09
1724265000,67a33ea0f2ac523fa7722146,2339.0,2363.3,2316.55,2348.6,323227,0,ACC,2024-08-21 13:00:00,37.92
1724351400,67a33ea0f2ac523fa7722147,2372.0,2377.95,2312.65,2323.75,449614,0,ACC,2024-08-22 13:00:00,35.56
1724610600,67a33ea0f2ac523fa7722148,2344.0,2350.0,2320.0,2343.3,195372,0,ACC,2024-08-25 13:00:00,38.78
1724697000,67a33ea0f2ac523fa7722149,2345.0,2357.5,2335.25,2348.25,137747,0,ACC,2024-08-26 13:00:00,39.6
1724783400,67a33ea0f2ac523fa772214a,2358.0,2358.0,2326.0,2330.35,142265,0,ACC,2024-08-27 13:00:00,37.63
1724869800,67a33ea0f2ac523fa772214b,2334.8,2334.8,2286.7,2310.2,552439,0,ACC,2024-08-28 13:00:00,35.49
1724956200,67a33ea0f2ac523fa772214c,2323.75,2339.0,2312.15,2329.15,173170,0,ACC,2024-08-29 13:00:00,39.01
1725215400,67a33ea0f2ac523fa772214d,2338.8,2343.15,2322.7,2336.15,144030,0,ACC,2024-09-01 13:00:00,40.3
1725301800,67a33ea0f2ac523fa772214e,2345.0,2350.2,2325.25,2341.3,254851,0,ACC,2024-09-02 13:00:00,41.29
1725388200,67a33ea0f2ac523fa772214f,2330.0,2357.0,2318.0,2348.55,230090,0,ACC,2024-09-03 13:00:00,42.72
1725474600,67a33ea0f2ac523fa7722150,2363.0,2449.9,2360.0,2419.8,1321066,0,ACC,2024-09-04 13:00:00,54.49
1725561000,67a33ea0f2ac523fa7722151,2422.8,2446.0,2368.6,2429.4,914785,0,ACC,2024-09-05 13:00:00,55.81
1725820200,67a33ea0f2ac523fa7722152,2434.35,2465.0,2387.4,2458.7,452538,0,ACC,2024-09-08 13:00:00,59.65
1725906600,67a33ea0f2ac523fa7722153,2458.7,2465.9,2434.05,2443.35,166581,0,ACC,2024-09-09 13:00:00,56.86
1725993000,67a33ea0f2ac523fa7722154,2445.05,2474.0,2430.0,2440.65,482136,0,ACC,2024-09-10 13:00:00,56.37
1726079400,67a33ea0f2ac523fa7722155,2445.1,2475.0,2423.4,2467.4,270892,0,ACC,2024-09-11 13:00:00,60.1
1726165800,67a33ea0f2ac523fa7722156,2471.75,2524.95,2453.3,2517.45,611308,0,ACC,2024-09-12 13:00:00,65.97
1726425000,67a33ea0f2ac523fa7722157,2517.45,2533.5,2499.5,2512.0,217216,0,ACC,2024-09-15 13:00:00,64.85
1726511400,67a33ea0f2ac523fa7722158,2512.0,2517.0,2486.05,2506.7,369014,0,ACC,2024-09-16 13:00:00,63.72
1726597800,67a33ea0f2ac523fa7722159,2500.0,2523.55,2454.05,2477.4,174625,0,ACC,2024-09-17 13:00:00,57.72
1726684200,67a33ea0f2ac523fa772215a,2490.0,2492.0,2416.0,2442.85,197882,0,ACC,2024-09-18 13:00:00,51.56
1726770600,67a33ea0f2ac523fa772215b,2449.0,2458.1,2413.4,2443.2,527393,0,ACC,2024-09-19 13:00:00,51.62
1727029800,67a33ea0f2ac523fa772215c,2458.4,2500.0,2434.6,2486.3,357027,0,ACC,2024-09-22 13:00:00,58.08
1727116200,67a33ea0f2ac523fa772215d,2500.0,2500.0,2454.8,2467.65,425562,0,ACC,2024-09-23 13:00:00,54.68
1727202600,67a33ea0f2ac523fa772215e,2472.95,2492.05,2448.0,2455.9,205681,0,ACC,2024-09-24 13:00:00,52.59
1727289000,67a33ea0f2ac523fa772215f,2460.0,2477.95,2427.5,2472.4,397193,0,ACC,2024-09-25 13:00:00,55.18
1727375400,67a33ea0f2ac523fa7722160,2440.0,2514.85,2440.0,2483.3,228890,0,ACC,2024-09-26 13:00:00,56.86
1727634600,67a33ea0f2ac523fa7722161,2483.0,2544.9,2472.05,2513.45,468555,0,ACC,2024-09-29 13:00:00,61.19
1727721000,67a33ea0f2ac523fa7722162,2514.0,2519.4,2476.0,2511.0,187093,0,ACC,2024-09-30 13:00:00,60.66
1727893800,67a33ea0f2ac523fa7722163,2479.95,2516.3,2430.05,2458.75,240975,0,ACC,2024-10-02 13:00:00,50.55
1727980200,67a33ea0f2ac523fa7722164,2458.75,2482.15,2415.05,2433.75,308510,0,ACC,2024-10-03 13:00:00,46.55
1728239400,67a33ea0f2ac523fa7722165,2441.95,2449.5,2310.8,2349.05,833948,0,ACC,2024-10-06 13:00:00,36.13
1728325800,67a33ea0f2ac523fa7722166,2340.0,2393.2,2332.0,2385.8,183919,0,ACC,2024-10-07 13:00:00,42.18
1728412200,67a33ea0f2ac523fa7722167,2391.0,2404.8,2334.0,2339.8,285800,0,ACC,2024-10-08 13:00:00,37.4
1728498600,67a33ea0f2ac523fa7722168,2350.2,2357.7,2290.0,2313.0,340234,0,ACC,2024-10-09 13:00:00,34.92
1728585000,67a33ea0f2ac523fa7722169,2319.0,2332.0,2300.4,2312.45,160881,0,ACC,2024-10-10 13:00:00,34.87
1728844200,67a33ea0f2ac523fa772216a,2317.05,2325.3,2300.05,2317.55,116090,0,ACC,2024-10-13 13:00:00,35.81
1728930600,67a33ea0f2ac523fa772216b,2317.0,2330.45,2290.55,2294.8,355987,0,ACC,2024-10-14 13:00:00,33.49
1729017000,67a33ea0f2ac523fa772216c,2308.6,2319.0,2272.5,2305.5,283830,0,ACC,2024-10-15 13:00:00,35.6
1729103400,67a33ea0f2ac523fa772216d,2308.95,2318.9,2256.55,2265.1,233994,0,ACC,2024-10-16 13:00:00,31.53
1729189800,67a33ea0f2ac523fa772216e,2265.1,2289.65,2236.15,2285.65,205894,0,ACC,2024-10-17 13:00:00,35.57
1729449000,67a33ea0f2ac523fa772216f,2300.0,2320.0,2282.0,2301.65,196371,0,ACC,2024-10-20 13:00:00,38.6
1729535400,67a33ea0f2ac523fa7722170,2301.65,2329.9,2240.0,2246.35,260869,0,ACC,2024-10-21 13:00:00,32.84
1729621800,67a33ea0f2ac523fa7722171,2248.35,2288.0,2231.2,2256.8,284014,0,ACC,2024-10-22 13:00:00,34.82
1729708200,67a33ea0f2ac523fa7722172,2230.0,2294.1,2204.0,2270.2,1092773,0,ACC,2024-10-23 13:00:00,37.37
1729794600,67a33ea0f2ac523fa7722173,2250.0,2263.45,2187.55,2237.8,339791,0,ACC,2024-10-24 13:00:00,33.92
1730053800,67a33ea0f2ac523fa7722174,2220.0,2309.9,2201.25,2288.7,361658,0,ACC,2024-10-27 13:00:00,42.85
1730140200,67a33ea0f2ac523fa7722175,2288.8,2332.7,2273.7,2328.65,203254,0,ACC,2024-10-28 13:00:00,48.71
1730226600,67a33ea0f2ac523fa7722176,2329.35,2378.4,2298.95,2331.9,295110,0,ACC,2024-10-29 13:00:00,49.17
1730313000,67a33ea0f2ac523fa7722177,2332.0,2346.0,2291.25,2320.4,225475,0,ACC,2024-10-30 13:00:00,47.55
1730399400,67a33ea0f2ac523fa7722178,2339.0,2339.0,2317.05,2327.85,30732,0,ACC,2024-10-31 13:00:00,48.73
1730658600,67a33ea0f2ac523fa7722179,2327.9,2337.0,2276.0,2289.45,141614,0,ACC,2024-11-03 13:00:00,43.34
1730745000,67a33ea0f2ac523fa772217a,2287.0,2324.4,2283.9,2319.4,123477,0,ACC,2024-11-04 13:00:00,48.15
1730831400,67a33ea0f2ac523fa772217b,2325.75,2367.0,2318.75,2359.55,137340,0,ACC,2024-11-05 13:00:00,53.82
1730917800,67a33ea0f2ac523fa772217c,2360.0,2365.0,2296.4,2320.55,312748,0,ACC,2024-11-06 13:00:00,48.3
1731004200,67a33ea0f2ac523fa772217d,2325.0,2334.45,2284.0,2291.4,120812,0,ACC,2024-11-07 13:00:00,44.62
1731263400,67a33ea0f2ac523fa772217e,2288.0,2295.85,2262.6,2272.75,86617,0,ACC,2024-11-10 13:00:00,42.39
1731349800,67a33ea0f2ac523fa772217f,2282.85,2293.0,2257.0,2263.9,128192,0,ACC,2024-11-11 13:00:00,41.33
1731436200,67a33ea0f2ac523fa7722180,2257.0,2270.35,2190.1,2197.8,154307,0,ACC,2024-11-12 13:00:00,34.44
1731522600,67a33ea0f2ac523fa7722181,2198.9,2214.95,2178.05,2188.15,194258,0,ACC,2024-11-13 13:00:00,33.56
1731868200,67a33ea0f2ac523fa7722182,2200.0,2211.9,2162.9,2187.4,96713,0,ACC,2024-11-17 13:00:00,33.49
1731954600,67a33ea0f2ac523fa7722183,2193.7,2231.55,2170.05,2185.7,98826,0,ACC,2024-11-18 13:00:00,33.32
1732127400,67a33ea0f2ac523fa7722184,1986.0,2052.3,1868.2,2027.2,3493607,0,ACC,2024-11-20 13:00:00,21.92
1732213800,67a33ea0f2ac523fa7722185,2001.0,2118.05,1995.1,2089.6,1208356,0,ACC,2024-11-21 13:00:00,31.81
1732473000,67a33ea0f2ac523fa7722186,2130.05,2159.9,2109.2,2145.0,409933,0,ACC,2024-11-24 13:00:00,39.18
1732559400,67a33ea0f2ac523fa7722187,2146.3,2152.75,2112.0,2116.2,215338,0,ACC,2024-11-25 13:00:00,36.94
1732645800,67a33ea0f2ac523fa7722188,2118.0,2233.5,2094.95,2206.7,873384,0,ACC,2024-11-26 13:00:00,47.15
1732732200,67a33ea0f2ac523fa7722189,2207.9,2227.0,2184.05,2188.55,413222,0,ACC,2024-11-27 13:00:00,45.55
1732818600,67a33ea0f2ac523fa772218a,2180.15,2238.4,2180.15,2222.55,843322,0,ACC,2024-11-28 13:00:00,49.03
1733077800,67a33ea0f2ac523fa772218b,2239.9,2248.4,2212.35,2234.45,587799,0,ACC,2024-12-01 13:00:00,50.22
1733164200,67a33ea0f2ac523fa772218c,2239.0,2314.9,2225.5,2291.7,712155,0,ACC,2024-12-02 13:00:00,55.62
1733250600,67a33ea0f2ac523fa772218d,2292.0,2294.0,2235.7,2240.6,341484,0,ACC,2024-12-03 13:00:00,50.37
1733337000,67a33ea0f2ac523fa772218e,2255.0,2276.6,2229.35,2267.35,419752,0,ACC,2024-12-04 13:00:00,52.88
1733423400,67a33ea0f2ac523fa772218f,2270.0,2278.95,2253.45,2258.35,139487,0,ACC,2024-12-05 13:00:00,51.93
1733682600,67a33ea0f2ac523fa7722190,2258.35,2273.05,2246.05,2260.5,132854,0,ACC,2024-12-08 13:00:00,52.15
1733769000,67a33ea0f2ac523fa7722191,2264.95,2271.95,2238.05,2249.45,215556,0,ACC,2024-12-09 13:00:00,50.85
1733855400,67a33ea0f2ac523fa7722192,2260.0,2295.0,2247.0,2250.55,578316,0,ACC,2024-12-10 13:00:00,50.98
1733941800,67a33ea0f2ac523fa7722193,2257.1,2265.3,2224.0,2229.45,260756,0,ACC,2024-12-11 13:00:00,48.33
1734028200,67a33ea0f2ac523fa7722194,2221.0,2257.0,2195.0,2248.05,197666,0,ACC,2024-12-12 13:00:00,50.76
1734287400,67a33ea0f2ac523fa7722195,2253.0,2268.9,2236.8,2247.1,240335,0,ACC,2024-12-15 13:00:00,50.63
1734373800,67a33ea0f2ac523fa7722196,2247.0,2247.1,2191.0,2198.95,281425,0,ACC,2024-12-16 13:00:00,44.38
1734460200,67a33ea0f2ac523fa7722197,2192.05,2198.65,2137.75,2141.55,379760,0,ACC,2024-12-17 13:00:00,38.3
1734546600,67a33ea0f2ac523fa7722198,2123.75,2125.35,2102.0,2115.35,190294,0,ACC,2024-12-18 13:00:00,35.89
1734633000,67a33ea0f2ac523fa7722199,2115.35,2132.95,2051.2,2063.65,261412,0,ACC,2024-12-19 13:00:00,31.65
1734892200,67a33ea0f2ac523fa772219a,2080.0,2109.8,2051.05,2100.9,176711,0,ACC,2024-12-22 13:00:00,37.39
1734978600,67a33ea0f2ac523fa772219b,2099.95,2108.8,2073.15,2079.9,102566,0,ACC,2024-12-23 13:00:00,35.57
1735151400,67a33ea0f2ac523fa772219c,2088.8,2099.95,2071.95,2087.65,161169,0,ACC,2024-12-25 13:00:00,36.79
1735237800,67a33ea0f2ac523fa772219d,2088.1,2101.8,2058.0,2065.6,163017,0,ACC,2024-12-26 13:00:00,34.78
1735497000,67a33ea0f2ac523fa772219e,2065.6,2106.95,2052.05,2059.9,276549,0,ACC,2024-12-29 13:00:00,34.26
1735583400,67a33ea0f2ac523fa772219f,2051.1,2073.4,2030.4,2052.5,162386,0,ACC,2024-12-30 13:00:00,33.55
1735669800,67a33ea0f2ac523fa77221a0,2051.95,2060.0,2035.0,2053.3,122193,0,ACC,2024-12-31 13:00:00,33.71
1735756200,67a33ea0f2ac523fa77221a1,2054.75,2081.9,2040.5,2070.15,362606,0,ACC,2025-01-01 13:00:00,37.12
1735842600,67a33ea0f2ac523fa77221a2,2070.15,2078.0,2050.45,2054.95,112938,0,ACC,2025-01-02 13:00:00,35.35
1736101800,67a33ea0f2ac523fa77221a3,2060.3,2060.85,1979.1,1984.1,315087,0,ACC,2025-01-05 13:00:00,28.54
1736188200,67a33ea0f2ac523fa77221a4,1985.3,2028.4,1985.3,2018.75,144388,0,ACC,2025-01-06 13:00:00,35.12
1736274600,67a33ea0f2ac523fa77221a5,2035.0,2038.8,2004.15,2008.0,186294,0,ACC,2025-01-07 13:00:00,34.07
1736361000,67a33ea0f2ac523fa77221a6,2000.0,2000.0,1950.0,1973.8,489364,0,ACC,2025-01-08 13:00:00,30.91
1736447400,67a33ea0f2ac523fa77221a7,1973.0,1973.0,1924.15,1931.05,266316,0,ACC,2025-01-09 13:00:00,27.48
1736706600,67a33ea0f2ac523fa77221a8,1925.0,1925.0,1838.6,1859.45,464797,0,ACC,2025-01-12 13:00:00,22.89
1736793000,67a33ea0f2ac523fa77221a9,1868.7,1949.8,1866.85,1946.25,340567,0,ACC,2025-01-13 13:00:00,36.69
1736879400,67a33ea0f2ac523fa77221aa,1956.3,1977.0,1946.05,1969.65,396534,0,ACC,2025-01-14 13:00:00,39.81
1736965800,67a33ea0f2ac523fa77221ab,2047.95,2054.65,1985.05,1987.9,300798,0,ACC,2025-01-15 13:00:00,42.21
1737052200,67a33ea0f2ac523fa77221ac,1989.0,2019.0,1975.0,2014.9,247679,0,ACC,2025-01-16 13:00:00,45.66
1737311400,67a33ea0f2ac523fa77221ad,2015.9,2023.0,1980.65,2005.7,163924,0,ACC,2025-01-19 13:00:00,44.68
1737397800,67a33ea0f2ac523fa77221ae,2016.15,2062.65,2009.55,2017.5,325340,0,ACC,2025-01-20 13:00:00,46.27
1737484200,67a33ea0f2ac523fa77221af,2027.0,2027.0,1970.0,2000.75,121880,0,ACC,2025-01-21 13:00:00,44.32
1737570600,67a33ea0f2ac523fa77221b0,2009.0,2054.5,1982.85,2045.2,323927,0,ACC,2025-01-22 13:00:00,50.3
1737657000,67a33ea0f2ac523fa77221b1,2059.95,2065.5,2031.05,2058.95,309897,0,ACC,2025-01-23 13:00:00,52.02
1737916200,67a33ea0f2ac523fa77221b2,2052.95,2079.85,1982.1,1995.4,1122605,0,ACC,2025-01-26 13:00:00,44.39
1738002600,67a33ea0f2ac523fa77221b3,2026.0,2044.45,1963.85,2001.2,363743,0,ACC,2025-01-27 13:00:00,45.18
1738089000,67a33ea0f2ac523fa77221b4,2000.05,2036.95,1994.0,2001.9,687960,0,ACC,2025-01-28 13:00:00,45.28
1738175400,67a33ea0f2ac523fa77221b5,2003.95,2012.0,1951.15,1993.5,484441,0,ACC,2025-01-29 13:00:00,44.23
1738261800,67a33ea0f2ac523fa77221b6,1996.0,2016.95,1986.0,2007.65,254707,0,ACC,2025-01-30 13:00:00,46.49
1738348200,67a33ea0f2ac523fa77221b7,2010.0,2029.4,1950.0,2001.05,271590,0,ACC,2025-01-31 13:00:00,45.56
1738521000,67a33ea0f2ac523fa77221b8,1990.0,1995.8,1954.55,1990.5,220895,0,ACC,2025-02-02 13:00:00,44.05
1738607400,67a33ea0f2ac523fa77221b9,1999.9,2045.0,1999.0,2026.35,356440,0,ACC,2025-02-03 13:00:00,50.11
1738693800,67a33ea0f2ac523fa77221ba,2037.0,2064.65,2022.5,2046.45,258940,0,ACC,2025-02-04 13:00:00,53.17
